Feature,Importance
tempo,0.10624183846703729
liveness,0.099728527445382
duration_min,0.09815711908482161
valence,0.09583615971954834
speechiness,0.09414977444262158
acousticness,0.0879180134785892
danceability,0.08654913996711494
energy,0.07948882784516233
instrumentalness,0.07787560610511683
loudness,0.05871345396265651
loudness_normalized,0.056422327399043154
key,0.04535706105107689
mode,0.009487722925128915
time_signature,0.004074428106700187
